USE [Gabinet dentystyczny];
GO

INSERT INTO Osoba (Pesel, Imie, Nazwisko, NrTelefonu, Email) VALUES
('90010111111','Anna','Kowalska','500100001','anna.kowalska@gmail.com'),
('90010211112','Maria','Nowak','500100002','maria.nowak@gmail.com'),
('90010311113','Katarzyna','Wiœniewska','500100003','katarzyna.wisniewska@gmail.com'),
('90010411114','Agnieszka','Wójcik','500100004','agnieszka.wojcik@gmail.com'),
('90010511115','Magdalena','Kowalczyk','500100005','magdalena.kowalczyk@gmail.com'),
('90010611116','Julia','Kamiñska','500100006','julia.kaminska@gmail.com'),
('90010711117','Zofia','Lewandowska','500100007','zofia.lewandowska@gmail.com'),
('90010811118','Aleksandra','Zieliñska','500100008','aleksandra.zielinska@gmail.com'),
('90010911119','Natalia','Szymañska','500100009','natalia.szymanska@gmail.com'),
('90011011110','Joanna','D¹browska','500100010','joanna.dabrowska@gmail.com'),

('90011111121','Jan','Nowak','500200001','jan.nowak@gmail.com'),
('90011211122','Piotr','Kowalski','500200002','piotr.kowalski@gmail.com'),
('90011311123','Krzysztof','Wiœniewski','500200003','krzysztof.wisniewski@gmail.com'),
('90011411124','Andrzej','Wójcik','500200004','andrzej.wojcik@gmail.com'),
('90011511125','Tomasz','Kowalczyk','500200005','tomasz.kowalczyk@gmail.com'),
('90011611126','Pawe³','Kamiñski','500200006','pawel.kaminski@gmail.com'),
('90011711127','Micha³','Lewandowski','500200007','michal.lewandowski@gmail.com'),
('90011811128','Adam','Zieliñski','500200008','adam.zielinski@gmail.com'),
('90011911129','£ukasz','Szymañski','500200009','lukasz.szymanski@gmail.com'),
('90012011120','Mateusz','D¹browski','500200010','mateusz.dabrowski@gmail.com'),

('90012111131','Ewa','Król','500300001','ewa.krol@gmail.com'),
('90012211132','Barbara','Wieczorek','500300002','barbara.wieczorek@gmail.com'),
('90012311133','Dorota','Maj','500300003','dorota.maj@gmail.com'),
('90012411134','Halina','Wrona','500300004','halina.wrona@gmail.com'),
('90012511135','Iwona','Malinowska','500300005','iwona.malinowska@gmail.com'),
('90012611136','Sylwia','Pawlak','500300006','sylwia.pawlak@gmail.com'),
('90012711137','Beata','Adamczyk','500300007','beata.adamczyk@gmail.com'),
('90012811138','Karolina','B¹k','500300008','karolina.bak@gmail.com'),
('90012911139','El¿bieta','Zaj¹c','500300009','elzbieta.zajac@gmail.com'),
('90013011130','Renata','Kaczmarek','500300010','renata.kaczmarek@gmail.com'),

('90013111141','Robert','Król','500400001','robert.krol@gmail.com'),
('90013211142','Sebastian','Wieczorek','500400002','sebastian.wieczorek@gmail.com'),
('90013311143','Patryk','Maj','500400003','patryk.maj@gmail.com'),
('90013411144','Damian','Wrona','500400004','damian.wrona@gmail.com'),
('90013511145','Oskar','Malinowski','500400005','oskar.malinowski@gmail.com'),
('90013611146','Karol','Pawlak','500400006','karol.pawlak@gmail.com'),
('90013711147','Bart³omiej','Adamczyk','500400007','bartlomiej.adamczyk@gmail.com'),
('90013811148','Hubert','B¹k','500400008','hubert.bak@gmail.com'),
('90013911149','Jakub','Zaj¹c','500400009','jakub.zajac@gmail.com'),
('90014011140','Szymon','Kaczmarek','500400010','szymon.kaczmarek@gmail.com'),

('90014111151','Paulina','Czarnecka','500500001','paulina.czarnecka@gmail.com'),
('90014211152','Monika','Jaworska','500500002','monika.jaworska@gmail.com'),
('90014311153','Justyna','Sikora','500500003','justyna.sikora@gmail.com'),
('90014411154','Weronika','Ostrowska','500500004','weronika.ostrowska@gmail.com'),
('90014511155','Marta','Szulc','500500005','marta.szulc@gmail.com'),
('90014611156','Emilia','Paj¹k','500500006','emilia.pajak@gmail.com'),
('90014711157','Klaudia','Walczak','500500007','klaudia.walczak@gmail.com'),
('90014811158','Olga','Michalak','500500008','olga.michalak@gmail.com'),
('90014911159','Laura','Czerwiñska','500500009','laura.czerwinska@gmail.com'),
('90015011150','Sandra','Piotrowska','500500010','sandra.piotrowska@gmail.com'),

('90015111161','Filip','Czarnecki','500600001','filip.czarnecki@gmail.com'),
('90015211162','Konrad','Jaworski','500600002','konrad.jaworski@gmail.com'),
('90015311163','Adrian','Sikora','500600003','adrian.sikora@gmail.com'),
('90015411164','Bartosz','Ostrowski','500600004','bartosz.ostrowski@gmail.com'),
('90015511165','Kamil','Szulc','500600005','kamil.szulc@gmail.com'),
('90015611166','Tobiasz','Paj¹k','500600006','tobiasz.pajak@gmail.com'),
('90015711167','Dawid','Walczak','500600007','dawid.walczak@gmail.com'),
('90015811168','Marcin','Michalak','500600008','marcin.michalak@gmail.com'),
('90015911169','Dominik','Czerwiñski','500600009','dominik.czerwinski@gmail.com'),
('90016011160','Rafa³','Piotrowski','500600010','rafal.piotrowski@gmail.com');


INSERT INTO Dentysta (Pesel, Specjalizacja) VALUES
('90011111121','Stomatologia zachowawcza'),
('90011211122','Ortodoncja'),
('90011311123','Chirurgia stomatologiczna'),
('90011411124','Protetyka'),
('90011511125','Endodoncja'),
('90011611126','Periodontologia'),
('90011711127','Stomatologia dzieciêca'),
('90011811128','Stomatologia estetyczna'),
('90011911129','Implantologia'),
('90012011120','Radiologia dentystyczna'),
('90013111141','Stomatologia zachowawcza'),
('90013211142','Ortodoncja'),
('90013311143','Chirurgia szczêkowa'),
('90013411144','Protetyka'),
('90013511145','Endodoncja'),
('90013611146','Periodontologia'),
('90013711147','Stomatologia dzieciêca'),
('90013811148','Stomatologia estetyczna'),
('90013911149','Implantologia'),
('90014011140','Radiologia dentystyczna');

INSERT INTO Recepcjonista (Pesel, Stanowisko) VALUES
('90014111151','Recepcjonista'),
('90014211152','Recepcjonistka'),
('90014311153','Starszy recepcjonista'),
('90014411154','Recepcjonistka'),
('90014511155','M³odsza recepcjonistka'),
('90014611156','Recepcjonista'),
('90014711157','Recepcjonistka'),
('90014811158','M³odsza recepcjonistka'),
('90014911159','Starsza recepcjonistka'),
('90015011150','Recepcjonistka'),
('90015111161','Recepcjonista'),
('90015211162','G³ówny recepcjonista'),
('90015311163','Recepcjonistka'),
('90015411164','Starszy recepcjonista'),
('90015511165','Recepcjonistka'),
('90015611166','M³odszy recepcjonista'),
('90015711167','Recepcjonista'),
('90015811168','Starsza recepcjonistka'),
('90015911169','Recepcjonista'),
('90016011160','Recepcjonista');


INSERT INTO Klient (Pesel, DataUrodzenia, Adres, TypPowiadomienia) VALUES
('90010111111','1990-01-01','Warszawa, ul. Kwiatowa 12','email'),
('90010211112','1989-05-02','Kraków, ul. D³uga 8','sms'),
('90010311113','1991-03-11','Gdañsk, ul. Leœna 22','email'),
('90010411114','1992-10-15','Poznañ, ul. Polna 5','sms'),
('90010511115','1990-06-21','Warszawa, ul. Ogrodowa 9','email'),
('90010611116','1993-07-07','£ódŸ, ul. Narutowicza 40','sms'),
('90010711117','1994-08-12','Wroc³aw, ul. Ksiê¿ycowa 6','email'),
('90010811118','1995-02-18','Lublin, ul. Zamkowa 9','sms'),
('90010911119','1992-12-01','Szczecin, ul. Jasna 3','email'),
('90011011110','1993-04-10','Katowice, ul. Rynek 1','sms'),
('90012111131','1990-09-29','Olsztyn, ul. Lipowa 17','email'),
('90012211132','1991-01-30','Bia³ystok, ul. Mickiewicza 33','sms'),
('90012311133','1988-07-19','£ódŸ, ul. Pogodna 11','email'),
('90012411134','1989-11-25','Koszalin, ul. Morska 14','sms'),
('90012511135','1990-05-05','Opole, ul. Spacerowa 2','email'),
('90012611136','1991-08-08','Rzeszów, ul. Z³ota 7','sms'),
('90012711137','1992-03-22','Toruñ, ul. Szeroka 98','email'),
('90012811138','1993-10-14','Bydgoszcz, ul. Krótka 12','sms'),
('90012911139','1990-04-18','Gdynia, ul. Pla¿owa 1','email'),
('90013011130','1994-07-27','Radom, ul. Piêkna 4','sms');

INSERT INTO Gabinet VALUES
(1,101),(2,102),(3,103),(4,104),(5,105),
(6,106),(7,107),(8,108),(9,109),(10,110);

INSERT INTO Usluga (IdUslugi, RodzajUslugi, Cena, CzasTrwania) VALUES
(1,  'Plomba kompozytowa',                    200.00, 30),
(2,  'Przegl¹d stomatologiczny',              120.00, 20),
(3,  'Skaling zêbów',                         250.00, 40),
(4,  'Piaskowanie zêbów',                     220.00, 30),
(5,  'Leczenie kana³owe jednego zêba',        800.00, 90),
(6,  'Wybielanie zêbów lamp¹',               1000.00, 60),
(7,  'Ekstrakcja zêba sta³ego',               350.00, 30),
(8,  'Zdjêcie RTG punktowe',                   60.00, 10),
(9,  'Zdjêcie RTG panoramiczne',              150.00, 15),
(10, 'Lakierowanie fluorem',                  160.00, 20);

INSERT INTO Grafik
(IdGrafiku, DniTygodnia, GodzinyRozpoczecia, GodzinyZakonczeniaPracy, ObowiazujeDo, Pesel)
VALUES
(1,  1, '08:00', '16:00', '2025-12-31', '90011111121'),
(2,  2, '10:00', '18:00', '2025-12-31', '90011211122'),
(3,  3, '08:00', '14:00', '2025-12-31', '90011311123'),
(4,  4, '12:00', '20:00', '2025-12-31', '90011411124'),
(5,  5, '09:00', '17:00', '2025-12-31', '90011511125'),
(6,  1, '09:00', '15:00', '2025-12-31', '90011611126'),
(7,  3, '11:00', '19:00', '2025-12-31', '90011711127'),
(8,  2, '08:00', '16:00', '2025-12-31', '90011811128'),
(9,  4, '10:00', '18:00', '2025-12-31', '90011911129'),
(10, 5, '08:00', '14:00', '2025-12-31', '90012011120'),

(11, 1, '08:00', '16:00', '2025-12-31', '90013111141'),
(12, 2, '10:00', '18:00', '2025-12-31', '90013211142'),
(13, 3, '09:00', '17:00', '2025-12-31', '90013311143'),
(14, 4, '12:00', '20:00', '2025-12-31', '90013411144'),
(15, 5, '08:00', '14:00', '2025-12-31', '90013511145'),
(16, 1, '10:00', '18:00', '2025-12-31', '90013611146'),
(17, 2, '08:00', '16:00', '2025-12-31', '90013711147'),
(18, 3, '11:00', '19:00', '2025-12-31', '90013811148'),
(19, 4, '09:00', '15:00', '2025-12-31', '90013911149'),
(20, 5, '12:00', '20:00', '2025-12-31', '90014011140');

INSERT INTO Rezerwacja
(IdRezerwacji, DataRezerwacji, StatusRezerwacji, CzasTrwaniaRezerwacji,
 ZadowolenieKlienta, PeselKlienta, PeselDentysty, PeselRecepcjonisty, IdGabinetu)
VALUES
(1,  '2025-01-10 09:00', 'Potwierdzona', 30, DEFAULT,
 '90010111111', '90011111121', '90014111151', 1),
(2,  '2025-01-10 10:00', 'Oczekuj¹ca',  45, 'umierkowanie',
 '90010211112', '90011211122', '90014211152', 2),
(3,  '2025-01-10 11:00', 'Odbyta',      60, DEFAULT,
 '90010311113', '90011311123', '90014311153', 3),
(4,  '2025-01-11 09:30', 'Anulowana',   30, 'niezadowolnoy',
 '90010411114', '90011411124', '90014411154', 4),
(5,  '2025-01-11 10:30', 'Potwierdzona',45, 'umierkowanie',
 '90010511115', '90011511125', '90014511155', 5),
(6,  '2025-01-11 12:00', 'Oczekuj¹ca',  30, DEFAULT,
 '90010611116', '90011611126', '90014611156', 6),
(7,  '2025-01-12 09:00', 'Potwierdzona',60, DEFAULT,
 '90010711117', '90011711127', '90014711157', 7),
(8,  '2025-01-12 10:15', 'Odbyta',      40, 'umierkowanie',
 '90010811118', '90011811128', '90014811158', 8),
(9,  '2025-01-12 11:30', 'Oczekuj¹ca',  30, DEFAULT,
 '90010911119', '90011911129', '90014911159', 9),
(10, '2025-01-13 09:00', 'Potwierdzona',45, 'umierkowanie',
 '90011011110', '90012011120', '90015011150', 10),
(11, '2025-01-13 10:00', 'Odbyta',      30, DEFAULT,
 '90012111131', '90013111141', '90015111161', 1),
(12, '2025-01-13 11:15', 'Oczekuj¹ca',  60, 'umierkowanie',
 '90012211132', '90013211142', '90015211162', 2),
(13, '2025-01-14 09:00', 'Potwierdzona',30, DEFAULT,
 '90012311133', '90013311143', '90015311163', 3),
(14, '2025-01-14 10:30', 'Anulowana',   45, 'niezadowolnoy',
 '90012411134', '90013411144', '90015411164', 4),
(15, '2025-01-14 12:00', 'Potwierdzona',60, DEFAULT,
 '90012511135', '90013511145', '90015511165', 5),
(16, '2025-01-15 09:00', 'Oczekuj¹ca',  30, 'umierkowanie',
 '90012611136', '90013611146', '90015611166', 6),
(17, '2025-01-15 10:00', 'Odbyta',      45, DEFAULT,
 '90012711137', '90013711147', '90015711167', 7),
(18, '2025-01-15 11:30', 'Potwierdzona',40, 'umierkowanie',
 '90012811138', '90013811148', '90015811168', 8),
(19, '2025-01-16 09:00', 'Oczekuj¹ca',  30, DEFAULT,
 '90012911139', '90013911149', '90015911169', 9),
(20, '2025-01-16 10:30', 'Odbyta',      60, 'umierkowanie',
 '90013011130', '90014011140', '90016011160', 10);

INSERT INTO WykonanaUsluga
(IdWykonanaUsluga, Opis, NumerZeba, IdUslugi, IdRezerwacji)
VALUES
(1,  'Plomba w zêbie trzonowym',      6, 1, 1),
(2,  'Przegl¹d kontrolny bez uwag',   NULL, 2, 1),
(3,  'Skaling ³uku górnego',          NULL, 3, 2),
(4,  'Ekstrakcja zêba jednokorzeniowego', 4, 7, 3),
(5,  'Piaskowanie zêbów przednich',   NULL, 4, 4),
(6,  'Leczenie kana³owe zêba',        3, 5, 5),
(7,  'Wybielanie zêbów lamp¹',        NULL, 6, 6),
(8,  'Lakierowanie fluorem',          NULL,10, 7),
(9,  'Zdjêcie RTG punktowe',          1,  8, 8),
(10, 'Zdjêcie RTG panoramiczne',      NULL, 9, 9),
(11, 'Plomba kompozytowa',            5,  1, 10),
(12, 'Skaling ca³kowity',             NULL, 3, 11),
(13, 'Przegl¹d stomatologiczny',      NULL, 2, 12),
(14, 'Lakierowanie po skalingu',      NULL,10, 13),
(15, 'Ekstrakcja zêba trzeciego trzonowego', 8, 7, 14),
(16, 'Endodontyczne leczenie zêba',   2,  5, 15),
(17, 'Piaskowanie i lakierowanie',    NULL, 4, 16),
(18, 'Zdjêcie RTG kontrolne',         NULL, 8, 17),
(19, 'Plomba kompozytowa',            4,  1, 18),
(20, 'Skaling czêœciowy',             NULL, 3, 19);

INSERT INTO Platnosc
(IdPlatnosci, FormaPlatnosci, StatusPlatnosci, Kwota, DataPlatnosci, IdRezerwacji)
VALUES
(1,  'Karta',   'Oplacona', 200.00, '2025-01-10 09:45', 1),
(2,  DEFAULT, 'Oczekuje', 250.00, NULL,                2),
(3,  'Przelew', 'Oplacona', 350.00, '2025-01-10 12:00', 3),
(4,  'Karta',   'Anulowana',  0.00, NULL,                4),
(5,  'BLIK',    'Oplacona', 800.00, '2025-01-11 11:30', 5),
(6,  DEFAULT, 'Oplacona', 150.00, '2025-01-11 12:30', 6),
(7,  'Karta',   'Oplacona', 400.00, '2025-01-12 10:30', 7),
(8,  'Przelew', 'Oczekuje', 220.00, NULL,                8),
(9,  'BLIK',    'Oplacona', 160.00, '2025-01-12 12:00', 9),
(10, DEFAULT, 'Oplacona', 300.00, '2025-01-13 10:45', 10),
(11, 'Karta',   'Oplacona', 200.00, '2025-01-13 11:30', 11),
(12, 'Przelew', 'Oczekuje', 250.00, NULL,                12),
(13, DEFAULT, 'Oplacona', 150.00, '2025-01-14 09:45', 13),
(14, 'Karta',   'Odrzucona',200.00, '2025-01-14 10:45', 14),
(15, 'BLIK',    'Oplacona', 900.00, '2025-01-14 12:45', 15),
(16, 'Przelew', 'Oczekuje', 220.00, NULL,                16),
(17, DEFAULT, 'Oplacona', 350.00, '2025-01-15 10:30', 17),
(18, 'Karta',   'Oplacona', 260.00, '2025-01-15 11:45', 18),
(19, 'BLIK',    'Oczekuje', 180.00, NULL,                19),
(20, DEFAULT, 'Oplacona', 300.00, '2025-01-16 11:30', 20);




